ACSSF,NY,040,00,0000001,,,,,36,,,,,,,,,,,,,,,,,,,,,,,,,,,,,,,,,,,,,,,04000US36,"New York",,,
ACSSF,NY,040,01,0000002,,,,,36,,,,,,,,,,,,,,,,,,,,,,,,,,,,,,,,,U,,,,,,04001US36,"New York -- Urban",,,
ACSSF,NY,040,43,0000003,,,,,36,,,,,,,,,,,,,,,,,,,,,,,,,,,,,,,,,R,,,,,,04043US36,"New York -- Rural",,,
ACSSF,NY,040,A0,0000004,,,,,36,,,,,,,,,,,,,,,,,,,,,,,,,,,,,,,,,,,,,,,040A0US36,"New York -- In metropolitan or micropolitan statistical area",,,
ACSSF,NY,040,C0,0000005,,,,,36,,,,,,,,,,,,,,,,,1,,,,,,,,,,,,,,,,,,,,,,040C0US36,"New York -- In metropolitan statistical area",,,
ACSSF,NY,040,C1,0000006,,,,,36,,,,,,,,,,,,,,,,,1,,,,,,,,,,,,,,,,,Y,,,,,040C1US36,"New York -- In metropolitan statistical area -- in principal city",,,
ACSSF,NY,040,C2,0000007,,,,,36,,,,,,,,,,,,,,,,,1,,,,,,,,,,,,,,,,,,,,,,040C2US36,"New York -- In metropolitan statistical area -- not in principal city",,,
ACSSF,NY,040,E0,0000008,,,,,36,,,,,,,,,,,,,,,,,2,,,,,,,,,,,,,,,,,,,,,,040E0US36,"New York -- In micropolitan statistical area",,,
ACSSF,NY,040,E1,0000009,,,,,36,,,,,,,,,,,,,,,,,2,,,,,,,,,,,,,,,,,Y,,,,,040E1US36,"New York -- In micropolitan statistical area -- in principal city",,,
ACSSF,NY,040,E2,0000010,,,,,36,,,,,,,,,,,,,,,,,2,,,,,,,,,,,,,,,,,,,,,,040E2US36,"New York -- In micropolitan statistical area -- not in principal city",,,
ACSSF,NY,040,G0,0000011,,,,,36,,,,,,,,,,,,,,,,,9,,,,,,,,,,,,,,,,,,,,,,040G0US36,"New York -- Not in metropolitan or micropolitan statistical area",,,
ACSSF,NY,040,H0,0000012,,,,,36,,,,,,,,,,,,,,,,,,,,,,,,,,,,,,,,,,,,,,,040H0US36,"New York -- Not in metropolitan statistical area",,,
ACSSF,NY,050,00,0000013,,,,,36,001,,,,,,,,,,,,,,,,,,,,,,,,,,,,,,,,,,,,,,05000US36001,"Albany County, New York",,,
ACSSF,NY,050,00,0000014,,,,,36,005,,,,,,,,,,,,,,,,,,,,,,,,,,,,,,,,,,,,,,05000US36005,"Bronx County, New York",,,
ACSSF,NY,050,00,0000015,,,,,36,007,,,,,,,,,,,,,,,,,,,,,,,,,,,,,,,,,,,,,,05000US36007,"Broome County, New York",,,
ACSSF,NY,050,00,0000016,,,,,36,009,,,,,,,,,,,,,,,,,,,,,,,,,,,,,,,,,,,,,,05000US36009,"Cattaraugus County, New York",,,
ACSSF,NY,050,00,0000017,,,,,36,011,,,,,,,,,,,,,,,,,,,,,,,,,,,,,,,,,,,,,,05000US36011,"Cayuga County, New York",,,
ACSSF,NY,050,00,0000018,,,,,36,013,,,,,,,,,,,,,,,,,,,,,,,,,,,,,,,,,,,,,,05000US36013,"Chautauqua County, New York",,,
ACSSF,NY,050,00,0000019,,,,,36,015,,,,,,,,,,,,,,,,,,,,,,,,,,,,,,,,,,,,,,05000US36015,"Chemung County, New York",,,
ACSSF,NY,050,00,0000020,,,,,36,019,,,,,,,,,,,,,,,,,,,,,,,,,,,,,,,,,,,,,,05000US36019,"Clinton County, New York",,,
ACSSF,NY,050,00,0000021,,,,,36,027,,,,,,,,,,,,,,,,,,,,,,,,,,,,,,,,,,,,,,05000US36027,"Dutchess County, New York",,,
ACSSF,NY,050,00,0000022,,,,,36,029,,,,,,,,,,,,,,,,,,,,,,,,,,,,,,,,,,,,,,05000US36029,"Erie County, New York",,,
ACSSF,NY,050,00,0000023,,,,,36,045,,,,,,,,,,,,,,,,,,,,,,,,,,,,,,,,,,,,,,05000US36045,"Jefferson County, New York",,,
ACSSF,NY,050,00,0000024,,,,,36,047,,,,,,,,,,,,,,,,,,,,,,,,,,,,,,,,,,,,,,05000US36047,"Kings County, New York",,,
ACSSF,NY,050,00,0000025,,,,,36,051,,,,,,,,,,,,,,,,,,,,,,,,,,,,,,,,,,,,,,05000US36051,"Livingston County, New York",,,
ACSSF,NY,050,00,0000026,,,,,36,053,,,,,,,,,,,,,,,,,,,,,,,,,,,,,,,,,,,,,,05000US36053,"Madison County, New York",,,
ACSSF,NY,050,00,0000027,,,,,36,055,,,,,,,,,,,,,,,,,,,,,,,,,,,,,,,,,,,,,,05000US36055,"Monroe County, New York",,,
ACSSF,NY,050,00,0000028,,,,,36,059,,,,,,,,,,,,,,,,,,,,,,,,,,,,,,,,,,,,,,05000US36059,"Nassau County, New York",,,
ACSSF,NY,050,00,0000029,,,,,36,061,,,,,,,,,,,,,,,,,,,,,,,,,,,,,,,,,,,,,,05000US36061,"New York County, New York",,,
ACSSF,NY,050,00,0000030,,,,,36,063,,,,,,,,,,,,,,,,,,,,,,,,,,,,,,,,,,,,,,05000US36063,"Niagara County, New York",,,
ACSSF,NY,050,00,0000031,,,,,36,065,,,,,,,,,,,,,,,,,,,,,,,,,,,,,,,,,,,,,,05000US36065,"Oneida County, New York",,,
ACSSF,NY,050,00,0000032,,,,,36,067,,,,,,,,,,,,,,,,,,,,,,,,,,,,,,,,,,,,,,05000US36067,"Onondaga County, New York",,,
ACSSF,NY,050,00,0000033,,,,,36,069,,,,,,,,,,,,,,,,,,,,,,,,,,,,,,,,,,,,,,05000US36069,"Ontario County, New York",,,
ACSSF,NY,050,00,0000034,,,,,36,071,,,,,,,,,,,,,,,,,,,,,,,,,,,,,,,,,,,,,,05000US36071,"Orange County, New York",,,
ACSSF,NY,050,00,0000035,,,,,36,075,,,,,,,,,,,,,,,,,,,,,,,,,,,,,,,,,,,,,,05000US36075,"Oswego County, New York",,,
ACSSF,NY,050,00,0000036,,,,,36,079,,,,,,,,,,,,,,,,,,,,,,,,,,,,,,,,,,,,,,05000US36079,"Putnam County, New York",,,
ACSSF,NY,050,00,0000037,,,,,36,081,,,,,,,,,,,,,,,,,,,,,,,,,,,,,,,,,,,,,,05000US36081,"Queens County, New York",,,
ACSSF,NY,050,00,0000038,,,,,36,083,,,,,,,,,,,,,,,,,,,,,,,,,,,,,,,,,,,,,,05000US36083,"Rensselaer County, New York",,,
ACSSF,NY,050,00,0000039,,,,,36,085,,,,,,,,,,,,,,,,,,,,,,,,,,,,,,,,,,,,,,05000US36085,"Richmond County, New York",,,
ACSSF,NY,050,00,0000040,,,,,36,087,,,,,,,,,,,,,,,,,,,,,,,,,,,,,,,,,,,,,,05000US36087,"Rockland County, New York",,,
ACSSF,NY,050,00,0000041,,,,,36,089,,,,,,,,,,,,,,,,,,,,,,,,,,,,,,,,,,,,,,05000US36089,"St. Lawrence County, New York",,,
ACSSF,NY,050,00,0000042,,,,,36,091,,,,,,,,,,,,,,,,,,,,,,,,,,,,,,,,,,,,,,05000US36091,"Saratoga County, New York",,,
ACSSF,NY,050,00,0000043,,,,,36,093,,,,,,,,,,,,,,,,,,,,,,,,,,,,,,,,,,,,,,05000US36093,"Schenectady County, New York",,,
ACSSF,NY,050,00,0000044,,,,,36,101,,,,,,,,,,,,,,,,,,,,,,,,,,,,,,,,,,,,,,05000US36101,"Steuben County, New York",,,
ACSSF,NY,050,00,0000045,,,,,36,103,,,,,,,,,,,,,,,,,,,,,,,,,,,,,,,,,,,,,,05000US36103,"Suffolk County, New York",,,
ACSSF,NY,050,00,0000046,,,,,36,105,,,,,,,,,,,,,,,,,,,,,,,,,,,,,,,,,,,,,,05000US36105,"Sullivan County, New York",,,
ACSSF,NY,050,00,0000047,,,,,36,109,,,,,,,,,,,,,,,,,,,,,,,,,,,,,,,,,,,,,,05000US36109,"Tompkins County, New York",,,
ACSSF,NY,050,00,0000048,,,,,36,111,,,,,,,,,,,,,,,,,,,,,,,,,,,,,,,,,,,,,,05000US36111,"Ulster County, New York",,,
ACSSF,NY,050,00,0000049,,,,,36,113,,,,,,,,,,,,,,,,,,,,,,,,,,,,,,,,,,,,,,05000US36113,"Warren County, New York",,,
ACSSF,NY,050,00,0000050,,,,,36,117,,,,,,,,,,,,,,,,,,,,,,,,,,,,,,,,,,,,,,05000US36117,"Wayne County, New York",,,
ACSSF,NY,050,00,0000051,,,,,36,119,,,,,,,,,,,,,,,,,,,,,,,,,,,,,,,,,,,,,,05000US36119,"Westchester County, New York",,,
ACSSF,NY,060,00,0000052,,,,,36,001,01000,,,,,,,,,,,,,,,,,,,,,,,,,,,,,,,,,,,,,06000US3600101000,"Albany city, Albany County, New York",,,
ACSSF,NY,060,00,0000053,,,,,36,001,17343,,,,,,,,,,,,,,,,,,,,,,,,,,,,,,,,,,,,,06000US3600117343,"Colonie town, Albany County, New York",,,
ACSSF,NY,060,00,0000054,,,,,36,005,08510,,,,,,,,,,,,,,,,,,,,,,,,,,,,,,,,,,,,,06000US3600508510,"Bronx borough, Bronx County, New York",,,
ACSSF,NY,060,00,0000055,,,,,36,029,02000,,,,,,,,,,,,,,,,,,,,,,,,,,,,,,,,,,,,,06000US3602902000,"Amherst town, Erie County, New York",,,
ACSSF,NY,060,00,0000056,,,,,36,029,11000,,,,,,,,,,,,,,,,,,,,,,,,,,,,,,,,,,,,,06000US3602911000,"Buffalo city, Erie County, New York",,,
ACSSF,NY,060,00,0000057,,,,,36,029,15011,,,,,,,,,,,,,,,,,,,,,,,,,,,,,,,,,,,,,06000US3602915011,"Cheektowaga town, Erie County, New York",,,
ACSSF,NY,060,00,0000058,,,,,36,029,75000,,,,,,,,,,,,,,,,,,,,,,,,,,,,,,,,,,,,,06000US3602975000,"Tonawanda town, Erie County, New York",,,
ACSSF,NY,060,00,0000059,,,,,36,047,10022,,,,,,,,,,,,,,,,,,,,,,,,,,,,,,,,,,,,,06000US3604710022,"Brooklyn borough, Kings County, New York",,,
ACSSF,NY,060,00,0000060,,,,,36,055,30290,,,,,,,,,,,,,,,,,,,,,,,,,,,,,,,,,,,,,06000US3605530290,"Greece town, Monroe County, New York",,,
ACSSF,NY,060,00,0000061,,,,,36,055,63000,,,,,,,,,,,,,,,,,,,,,,,,,,,,,,,,,,,,,06000US3605563000,"Rochester city, Monroe County, New York",,,
ACSSF,NY,060,00,0000062,,,,,36,059,34000,,,,,,,,,,,,,,,,,,,,,,,,,,,,,,,,,,,,,06000US3605934000,"Hempstead town, Nassau County, New York",,,
ACSSF,NY,060,00,0000063,,,,,36,059,53000,,,,,,,,,,,,,,,,,,,,,,,,,,,,,,,,,,,,,06000US3605953000,"North Hempstead town, Nassau County, New York",,,
ACSSF,NY,060,00,0000064,,,,,36,059,56000,,,,,,,,,,,,,,,,,,,,,,,,,,,,,,,,,,,,,06000US3605956000,"Oyster Bay town, Nassau County, New York",,,
ACSSF,NY,060,00,0000065,,,,,36,061,44919,,,,,,,,,,,,,,,,,,,,,,,,,,,,,,,,,,,,,06000US3606144919,"Manhattan borough, New York County, New York",,,
ACSSF,NY,060,00,0000066,,,,,36,067,73000,,,,,,,,,,,,,,,,,,,,,,,,,,,,,,,,,,,,,06000US3606773000,"Syracuse city, Onondaga County, New York",,,
ACSSF,NY,060,00,0000067,,,,,36,081,60323,,,,,,,,,,,,,,,,,,,,,,,,,,,,,,,,,,,,,06000US3608160323,"Queens borough, Queens County, New York",,,
ACSSF,NY,060,00,0000068,,,,,36,085,70915,,,,,,,,,,,,,,,,,,,,,,,,,,,,,,,,,,,,,06000US3608570915,"Staten Island borough, Richmond County, New York",,,
ACSSF,NY,060,00,0000069,,,,,36,087,15968,,,,,,,,,,,,,,,,,,,,,,,,,,,,,,,,,,,,,06000US3608715968,"Clarkstown town, Rockland County, New York",,,
ACSSF,NY,060,00,0000070,,,,,36,087,60510,,,,,,,,,,,,,,,,,,,,,,,,,,,,,,,,,,,,,06000US3608760510,"Ramapo town, Rockland County, New York",,,
ACSSF,NY,060,00,0000071,,,,,36,093,65508,,,,,,,,,,,,,,,,,,,,,,,,,,,,,,,,,,,,,06000US3609365508,"Schenectady city, Schenectady County, New York",,,
ACSSF,NY,060,00,0000072,,,,,36,103,04000,,,,,,,,,,,,,,,,,,,,,,,,,,,,,,,,,,,,,06000US3610304000,"Babylon town, Suffolk County, New York",,,
ACSSF,NY,060,00,0000073,,,,,36,103,10000,,,,,,,,,,,,,,,,,,,,,,,,,,,,,,,,,,,,,06000US3610310000,"Brookhaven town, Suffolk County, New York",,,
ACSSF,NY,060,00,0000074,,,,,36,103,37000,,,,,,,,,,,,,,,,,,,,,,,,,,,,,,,,,,,,,06000US3610337000,"Huntington town, Suffolk County, New York",,,
ACSSF,NY,060,00,0000075,,,,,36,103,38000,,,,,,,,,,,,,,,,,,,,,,,,,,,,,,,,,,,,,06000US3610338000,"Islip town, Suffolk County, New York",,,
ACSSF,NY,060,00,0000076,,,,,36,103,68000,,,,,,,,,,,,,,,,,,,,,,,,,,,,,,,,,,,,,06000US3610368000,"Smithtown town, Suffolk County, New York",,,
ACSSF,NY,060,00,0000077,,,,,36,119,30367,,,,,,,,,,,,,,,,,,,,,,,,,,,,,,,,,,,,,06000US3611930367,"Greenburgh town, Westchester County, New York",,,
ACSSF,NY,060,00,0000078,,,,,36,119,49121,,,,,,,,,,,,,,,,,,,,,,,,,,,,,,,,,,,,,06000US3611949121,"Mount Vernon city, Westchester County, New York",,,
ACSSF,NY,060,00,0000079,,,,,36,119,50617,,,,,,,,,,,,,,,,,,,,,,,,,,,,,,,,,,,,,06000US3611950617,"New Rochelle city, Westchester County, New York",,,
ACSSF,NY,060,00,0000080,,,,,36,119,84000,,,,,,,,,,,,,,,,,,,,,,,,,,,,,,,,,,,,,06000US3611984000,"Yonkers city, Westchester County, New York",,,
ACSSF,NY,160,00,0000081,,,,,36,,,01000,,,,,,,,,,,,,,,,,,,,,,,,,,,,,,,,,,,,16000US3601000,"Albany city, New York",,,
ACSSF,NY,160,00,0000082,,,,,36,,,11000,,,,,,,,,,,,,,,,,,,,,,,,,,,,,,,,,,,,16000US3611000,"Buffalo city, New York",,,
ACSSF,NY,160,00,0000083,,,,,36,,,15000,,,,,,,,,,,,,,,,,,,,,,,,,,,,,,,,,,,,16000US3615000,"Cheektowaga CDP, New York",,,
ACSSF,NY,160,00,0000084,,,,,36,,,49121,,,,,,,,,,,,,,,,,,,,,,,,,,,,,,,,,,,,16000US3649121,"Mount Vernon city, New York",,,
ACSSF,NY,160,00,0000085,,,,,36,,,50617,,,,,,,,,,,,,,,,,,,,,,,,,,,,,,,,,,,,16000US3650617,"New Rochelle city, New York",,,
ACSSF,NY,160,00,0000086,,,,,36,,,51000,,,,,,,,,,,,,,,,,,,,,,,,,,,,,,,,,,,,16000US3651000,"New York city, New York",,,
ACSSF,NY,160,00,0000087,,,,,36,,,63000,,,,,,,,,,,,,,,,,,,,,,,,,,,,,,,,,,,,16000US3663000,"Rochester city, New York",,,
ACSSF,NY,160,00,0000088,,,,,36,,,65508,,,,,,,,,,,,,,,,,,,,,,,,,,,,,,,,,,,,16000US3665508,"Schenectady city, New York",,,
ACSSF,NY,160,00,0000089,,,,,36,,,73000,,,,,,,,,,,,,,,,,,,,,,,,,,,,,,,,,,,,16000US3673000,"Syracuse city, New York",,,
ACSSF,NY,160,00,0000090,,,,,36,,,84000,,,,,,,,,,,,,,,,,,,,,,,,,,,,,,,,,,,,16000US3684000,"Yonkers city, New York",,,
ACSSF,NY,312,00,0000091,,,,,36,,,01000,,,,,,,,,,10580,,,,,,,,,,,,,,,,,,,,,Y,,,,,31200US105803601000,"Albany city, NY; Albany-Schenectady-Troy, NY Metro Area",,,
ACSSF,NY,312,00,0000092,,,,,36,,,65508,,,,,,,,,,10580,,,,,,,,,,,,,,,,,,,,,Y,,,,,31200US105803665508,"Schenectady city, NY; Albany-Schenectady-Troy, NY Metro Area",,,
ACSSF,NY,312,00,0000093,,,,,36,,,11000,,,,,,,,,,15380,,,,,,,,,,,,,,,,,,,,,Y,,,,,31200US153803611000,"Buffalo city, NY; Buffalo-Cheektowaga-Niagara Falls, NY Metro Area",,,
ACSSF,NY,312,00,0000094,,,,,36,,,15000,,,,,,,,,,15380,,,,,,,,,,,,,,,,,,,,,Y,,,,,31200US153803615000,"Cheektowaga CDP, NY; Buffalo-Cheektowaga-Niagara Falls, NY Metro Area",,,
ACSSF,NY,312,00,0000095,,,,,36,,,51000,,,,,,,,,,35620,,,,,,,,,,,,,,,,,,,,,Y,,,,,31200US356203651000,"New York city, NY; New York-Newark-Jersey City, NY-NJ-PA Metro Area",,,
ACSSF,NY,312,00,0000096,,,,,36,,,63000,,,,,,,,,,40380,,,,,,,,,,,,,,,,,,,,,Y,,,,,31200US403803663000,"Rochester city, NY; Rochester, NY Metro Area",,,
ACSSF,NY,312,00,0000097,,,,,36,,,73000,,,,,,,,,,45060,,,,,,,,,,,,,,,,,,,,,Y,,,,,31200US450603673000,"Syracuse city, NY; Syracuse, NY Metro Area",,,
ACSSF,NY,500,00,0000098,,,,,36,,,,,,,,,,,,,,,,,,,,,,,01,,,,,,,,,,,,,,,,50000US3601,"Congressional District 1 (113th Congress), New York",,,
ACSSF,NY,500,00,0000099,,,,,36,,,,,,,,,,,,,,,,,,,,,,,02,,,,,,,,,,,,,,,,50000US3602,"Congressional District 2 (113th Congress), New York",,,
ACSSF,NY,500,00,0000100,,,,,36,,,,,,,,,,,,,,,,,,,,,,,03,,,,,,,,,,,,,,,,50000US3603,"Congressional District 3 (113th Congress), New York",,,
ACSSF,NY,500,00,0000101,,,,,36,,,,,,,,,,,,,,,,,,,,,,,04,,,,,,,,,,,,,,,,50000US3604,"Congressional District 4 (113th Congress), New York",,,
ACSSF,NY,500,00,0000102,,,,,36,,,,,,,,,,,,,,,,,,,,,,,05,,,,,,,,,,,,,,,,50000US3605,"Congressional District 5 (113th Congress), New York",,,
ACSSF,NY,500,00,0000103,,,,,36,,,,,,,,,,,,,,,,,,,,,,,06,,,,,,,,,,,,,,,,50000US3606,"Congressional District 6 (113th Congress), New York",,,
ACSSF,NY,500,00,0000104,,,,,36,,,,,,,,,,,,,,,,,,,,,,,07,,,,,,,,,,,,,,,,50000US3607,"Congressional District 7 (113th Congress), New York",,,
ACSSF,NY,500,00,0000105,,,,,36,,,,,,,,,,,,,,,,,,,,,,,08,,,,,,,,,,,,,,,,50000US3608,"Congressional District 8 (113th Congress), New York",,,
ACSSF,NY,500,00,0000106,,,,,36,,,,,,,,,,,,,,,,,,,,,,,09,,,,,,,,,,,,,,,,50000US3609,"Congressional District 9 (113th Congress), New York",,,
ACSSF,NY,500,00,0000107,,,,,36,,,,,,,,,,,,,,,,,,,,,,,10,,,,,,,,,,,,,,,,50000US3610,"Congressional District 10 (113th Congress), New York",,,
ACSSF,NY,500,00,0000108,,,,,36,,,,,,,,,,,,,,,,,,,,,,,11,,,,,,,,,,,,,,,,50000US3611,"Congressional District 11 (113th Congress), New York",,,
ACSSF,NY,500,00,0000109,,,,,36,,,,,,,,,,,,,,,,,,,,,,,12,,,,,,,,,,,,,,,,50000US3612,"Congressional District 12 (113th Congress), New York",,,
ACSSF,NY,500,00,0000110,,,,,36,,,,,,,,,,,,,,,,,,,,,,,13,,,,,,,,,,,,,,,,50000US3613,"Congressional District 13 (113th Congress), New York",,,
ACSSF,NY,500,00,0000111,,,,,36,,,,,,,,,,,,,,,,,,,,,,,14,,,,,,,,,,,,,,,,50000US3614,"Congressional District 14 (113th Congress), New York",,,
ACSSF,NY,500,00,0000112,,,,,36,,,,,,,,,,,,,,,,,,,,,,,15,,,,,,,,,,,,,,,,50000US3615,"Congressional District 15 (113th Congress), New York",,,
ACSSF,NY,500,00,0000113,,,,,36,,,,,,,,,,,,,,,,,,,,,,,16,,,,,,,,,,,,,,,,50000US3616,"Congressional District 16 (113th Congress), New York",,,
ACSSF,NY,500,00,0000114,,,,,36,,,,,,,,,,,,,,,,,,,,,,,17,,,,,,,,,,,,,,,,50000US3617,"Congressional District 17 (113th Congress), New York",,,
ACSSF,NY,500,00,0000115,,,,,36,,,,,,,,,,,,,,,,,,,,,,,18,,,,,,,,,,,,,,,,50000US3618,"Congressional District 18 (113th Congress), New York",,,
ACSSF,NY,500,00,0000116,,,,,36,,,,,,,,,,,,,,,,,,,,,,,19,,,,,,,,,,,,,,,,50000US3619,"Congressional District 19 (113th Congress), New York",,,
ACSSF,NY,500,00,0000117,,,,,36,,,,,,,,,,,,,,,,,,,,,,,20,,,,,,,,,,,,,,,,50000US3620,"Congressional District 20 (113th Congress), New York",,,
ACSSF,NY,500,00,0000118,,,,,36,,,,,,,,,,,,,,,,,,,,,,,21,,,,,,,,,,,,,,,,50000US3621,"Congressional District 21 (113th Congress), New York",,,
ACSSF,NY,500,00,0000119,,,,,36,,,,,,,,,,,,,,,,,,,,,,,22,,,,,,,,,,,,,,,,50000US3622,"Congressional District 22 (113th Congress), New York",,,
ACSSF,NY,500,00,0000120,,,,,36,,,,,,,,,,,,,,,,,,,,,,,23,,,,,,,,,,,,,,,,50000US3623,"Congressional District 23 (113th Congress), New York",,,
ACSSF,NY,500,00,0000121,,,,,36,,,,,,,,,,,,,,,,,,,,,,,24,,,,,,,,,,,,,,,,50000US3624,"Congressional District 24 (113th Congress), New York",,,
ACSSF,NY,500,00,0000122,,,,,36,,,,,,,,,,,,,,,,,,,,,,,25,,,,,,,,,,,,,,,,50000US3625,"Congressional District 25 (113th Congress), New York",,,
ACSSF,NY,500,00,0000123,,,,,36,,,,,,,,,,,,,,,,,,,,,,,26,,,,,,,,,,,,,,,,50000US3626,"Congressional District 26 (113th Congress), New York",,,
ACSSF,NY,500,00,0000124,,,,,36,,,,,,,,,,,,,,,,,,,,,,,27,,,,,,,,,,,,,,,,50000US3627,"Congressional District 27 (113th Congress), New York",,,
ACSSF,NY,795,00,0000125,,,,,36,,,,,,,,,,,,,,,,,,,,,,,,,,,,,,,,,,,,,00100,,79500US3600100,"St. Lawrence County PUMA, New York",,,
ACSSF,NY,795,00,0000126,,,,,36,,,,,,,,,,,,,,,,,,,,,,,,,,,,,,,,,,,,,00200,,79500US3600200,"Clinton, Franklin, Essex & Hamilton Counties PUMA; New York",,,
ACSSF,NY,795,00,0000127,,,,,36,,,,,,,,,,,,,,,,,,,,,,,,,,,,,,,,,,,,,00300,,79500US3600300,"Warren & Washington Counties PUMA, New York",,,
ACSSF,NY,795,00,0000128,,,,,36,,,,,,,,,,,,,,,,,,,,,,,,,,,,,,,,,,,,,00401,,79500US3600401,"Herkimer (North & Central) & Oneida (Outer) Counties PUMA, New York",,,
ACSSF,NY,795,00,0000129,,,,,36,,,,,,,,,,,,,,,,,,,,,,,,,,,,,,,,,,,,,00402,,79500US3600402,"Oneida County (Central)--Greater Utica & Rome Cities PUMA, New York",,,
ACSSF,NY,795,00,0000130,,,,,36,,,,,,,,,,,,,,,,,,,,,,,,,,,,,,,,,,,,,00403,,79500US3600403,"Otsego, Schoharie, Oneida (South) & Herkimer (South) Counties PUMA; New York",,,
ACSSF,NY,795,00,0000131,,,,,36,,,,,,,,,,,,,,,,,,,,,,,,,,,,,,,,,,,,,00500,,79500US3600500,"Jefferson & Lewis Counties PUMA, New York",,,
ACSSF,NY,795,00,0000132,,,,,36,,,,,,,,,,,,,,,,,,,,,,,,,,,,,,,,,,,,,00600,,79500US3600600,"Oswego County PUMA, New York",,,
ACSSF,NY,795,00,0000133,,,,,36,,,,,,,,,,,,,,,,,,,,,,,,,,,,,,,,,,,,,00701,,79500US3600701,"Onondaga County (Central)--Syracuse City PUMA, New York",,,
ACSSF,NY,795,00,0000134,,,,,36,,,,,,,,,,,,,,,,,,,,,,,,,,,,,,,,,,,,,00702,,79500US3600702,"Onondaga County (North) PUMA, New York",,,
ACSSF,NY,795,00,0000135,,,,,36,,,,,,,,,,,,,,,,,,,,,,,,,,,,,,,,,,,,,00703,,79500US3600703,"Onondaga County (Central)--Syracuse City (Outer) PUMA, New York",,,
ACSSF,NY,795,00,0000136,,,,,36,,,,,,,,,,,,,,,,,,,,,,,,,,,,,,,,,,,,,00704,,79500US3600704,"Cayuga & Onondaga (South) Counties PUMA, New York",,,
ACSSF,NY,795,00,0000137,,,,,36,,,,,,,,,,,,,,,,,,,,,,,,,,,,,,,,,,,,,00800,,79500US3600800,"Wayne & Seneca Counties PUMA, New York",,,
ACSSF,NY,795,00,0000138,,,,,36,,,,,,,,,,,,,,,,,,,,,,,,,,,,,,,,,,,,,00901,,79500US3600901,"Monroe County (East) PUMA, New York",,,
ACSSF,NY,795,00,0000139,,,,,36,,,,,,,,,,,,,,,,,,,,,,,,,,,,,,,,,,,,,00902,,79500US3600902,"Monroe County (Central)--Rochester City (East) PUMA, New York",,,
ACSSF,NY,795,00,0000140,,,,,36,,,,,,,,,,,,,,,,,,,,,,,,,,,,,,,,,,,,,00903,,79500US3600903,"Monroe County (Central)--Rochester City (West) PUMA, New York",,,
ACSSF,NY,795,00,0000141,,,,,36,,,,,,,,,,,,,,,,,,,,,,,,,,,,,,,,,,,,,00904,,79500US3600904,"Monroe County (Central)--Greece & Gates Towns PUMA, New York",,,
ACSSF,NY,795,00,0000142,,,,,36,,,,,,,,,,,,,,,,,,,,,,,,,,,,,,,,,,,,,00905,,79500US3600905,"Monroe County (North & West) PUMA, New York",,,
ACSSF,NY,795,00,0000143,,,,,36,,,,,,,,,,,,,,,,,,,,,,,,,,,,,,,,,,,,,00906,,79500US3600906,"Monroe County (South) PUMA, New York",,,
ACSSF,NY,795,00,0000144,,,,,36,,,,,,,,,,,,,,,,,,,,,,,,,,,,,,,,,,,,,01000,,79500US3601000,"Genesee & Orleans Counties PUMA, New York",,,
ACSSF,NY,795,00,0000145,,,,,36,,,,,,,,,,,,,,,,,,,,,,,,,,,,,,,,,,,,,01101,,79500US3601101,"Niagara County (Southwest)--Greater Niagara Falls & North Tonawanda Area PUMA, New York",,,
ACSSF,NY,795,00,0000146,,,,,36,,,,,,,,,,,,,,,,,,,,,,,,,,,,,,,,,,,,,01102,,79500US3601102,"Niagara County (North & East) PUMA, New York",,,
ACSSF,NY,795,00,0000147,,,,,36,,,,,,,,,,,,,,,,,,,,,,,,,,,,,,,,,,,,,01201,,79500US3601201,"Erie County (Northwest) PUMA, New York",,,
ACSSF,NY,795,00,0000148,,,,,36,,,,,,,,,,,,,,,,,,,,,,,,,,,,,,,,,,,,,01202,,79500US3601202,"Erie County (North Central) PUMA, New York",,,
ACSSF,NY,795,00,0000149,,,,,36,,,,,,,,,,,,,,,,,,,,,,,,,,,,,,,,,,,,,01203,,79500US3601203,"Erie County (Northeast) PUMA, New York",,,
ACSSF,NY,795,00,0000150,,,,,36,,,,,,,,,,,,,,,,,,,,,,,,,,,,,,,,,,,,,01204,,79500US3601204,"Erie County (Central) PUMA, New York",,,
ACSSF,NY,795,00,0000151,,,,,36,,,,,,,,,,,,,,,,,,,,,,,,,,,,,,,,,,,,,01205,,79500US3601205,"Erie County (West Central)--Buffalo City (East) PUMA, New York",,,
ACSSF,NY,795,00,0000152,,,,,36,,,,,,,,,,,,,,,,,,,,,,,,,,,,,,,,,,,,,01206,,79500US3601206,"Erie County (West Central)--Buffalo City (West) PUMA, New York",,,
ACSSF,NY,795,00,0000153,,,,,36,,,,,,,,,,,,,,,,,,,,,,,,,,,,,,,,,,,,,01207,,79500US3601207,"Erie County (South) PUMA, New York",,,
ACSSF,NY,795,00,0000154,,,,,36,,,,,,,,,,,,,,,,,,,,,,,,,,,,,,,,,,,,,01300,,79500US3601300,"Livingston & Wyoming Counties PUMA, New York",,,
ACSSF,NY,795,00,0000155,,,,,36,,,,,,,,,,,,,,,,,,,,,,,,,,,,,,,,,,,,,01400,,79500US3601400,"Ontario & Yates Counties PUMA, New York",,,
ACSSF,NY,795,00,0000156,,,,,36,,,,,,,,,,,,,,,,,,,,,,,,,,,,,,,,,,,,,01500,,79500US3601500,"Madison & Cortland Counties PUMA, New York",,,
ACSSF,NY,795,00,0000157,,,,,36,,,,,,,,,,,,,,,,,,,,,,,,,,,,,,,,,,,,,01600,,79500US3601600,"Fulton & Montgomery Counties PUMA, New York",,,
ACSSF,NY,795,00,0000158,,,,,36,,,,,,,,,,,,,,,,,,,,,,,,,,,,,,,,,,,,,01700,,79500US3601700,"Schenectady County--Schenectady City PUMA, New York",,,
ACSSF,NY,795,00,0000159,,,,,36,,,,,,,,,,,,,,,,,,,,,,,,,,,,,,,,,,,,,01801,,79500US3601801,"Saratoga County (South & Central) PUMA, New York",,,
ACSSF,NY,795,00,0000160,,,,,36,,,,,,,,,,,,,,,,,,,,,,,,,,,,,,,,,,,,,01802,,79500US3601802,"Saratoga County (Outer) PUMA, New York",,,
ACSSF,NY,795,00,0000161,,,,,36,,,,,,,,,,,,,,,,,,,,,,,,,,,,,,,,,,,,,01900,,79500US3601900,"Rensselaer County--Troy City PUMA, New York",,,
ACSSF,NY,795,00,0000162,,,,,36,,,,,,,,,,,,,,,,,,,,,,,,,,,,,,,,,,,,,02001,,79500US3602001,"Albany County (East Central)--Albany City PUMA, New York",,,
ACSSF,NY,795,00,0000163,,,,,36,,,,,,,,,,,,,,,,,,,,,,,,,,,,,,,,,,,,,02002,,79500US3602002,"Albany County (Outside Albany City) PUMA, New York",,,
ACSSF,NY,795,00,0000164,,,,,36,,,,,,,,,,,,,,,,,,,,,,,,,,,,,,,,,,,,,02100,,79500US3602100,"Columbia & Greene Counties PUMA, New York",,,
ACSSF,NY,795,00,0000165,,,,,36,,,,,,,,,,,,,,,,,,,,,,,,,,,,,,,,,,,,,02201,,79500US3602201,"Broome County (West Central)--Greater Binghamton City & Greater Johnson City Village PUMA, New York",,,
ACSSF,NY,795,00,0000166,,,,,36,,,,,,,,,,,,,,,,,,,,,,,,,,,,,,,,,,,,,02202,,79500US3602202,"Broome (Outer West) & Tioga Counties PUMA, New York",,,
ACSSF,NY,795,00,0000167,,,,,36,,,,,,,,,,,,,,,,,,,,,,,,,,,,,,,,,,,,,02203,,79500US3602203,"Chenango, Delaware & Broome (East) Counties PUMA; New York",,,
ACSSF,NY,795,00,0000168,,,,,36,,,,,,,,,,,,,,,,,,,,,,,,,,,,,,,,,,,,,02300,,79500US3602300,"Tompkins County PUMA, New York",,,
ACSSF,NY,795,00,0000169,,,,,36,,,,,,,,,,,,,,,,,,,,,,,,,,,,,,,,,,,,,02401,,79500US3602401,"Chemung (South) & Steuben (East) Counties--Greater Elmira & Greater Corning Cities PUMA, New York",,,
ACSSF,NY,795,00,0000170,,,,,36,,,,,,,,,,,,,,,,,,,,,,,,,,,,,,,,,,,,,02402,,79500US3602402,"Steuben (North & West), Schuyler & Chemung (North) Counties PUMA; New York",,,
ACSSF,NY,795,00,0000171,,,,,36,,,,,,,,,,,,,,,,,,,,,,,,,,,,,,,,,,,,,02500,,79500US3602500,"Cattaraugus & Allegany Counties PUMA, New York",,,
ACSSF,NY,795,00,0000172,,,,,36,,,,,,,,,,,,,,,,,,,,,,,,,,,,,,,,,,,,,02600,,79500US3602600,"Chautauqua County PUMA, New York",,,
ACSSF,NY,795,00,0000173,,,,,36,,,,,,,,,,,,,,,,,,,,,,,,,,,,,,,,,,,,,02701,,79500US3602701,"Sullivan & Ulster (West) Counties PUMA, New York",,,
ACSSF,NY,795,00,0000174,,,,,36,,,,,,,,,,,,,,,,,,,,,,,,,,,,,,,,,,,,,02702,,79500US3602702,"Ulster County (East) PUMA, New York",,,
ACSSF,NY,795,00,0000175,,,,,36,,,,,,,,,,,,,,,,,,,,,,,,,,,,,,,,,,,,,02801,,79500US3602801,"Dutchess County (North & East) PUMA, New York",,,
ACSSF,NY,795,00,0000176,,,,,36,,,,,,,,,,,,,,,,,,,,,,,,,,,,,,,,,,,,,02802,,79500US3602802,"Dutchess County (Southwest) PUMA, New York",,,
ACSSF,NY,795,00,0000177,,,,,36,,,,,,,,,,,,,,,,,,,,,,,,,,,,,,,,,,,,,02901,,79500US3602901,"Orange County (Northeast)--Greater Newburgh City PUMA, New York",,,
ACSSF,NY,795,00,0000178,,,,,36,,,,,,,,,,,,,,,,,,,,,,,,,,,,,,,,,,,,,02902,,79500US3602902,"Orange County (Northwest) PUMA, New York",,,
ACSSF,NY,795,00,0000179,,,,,36,,,,,,,,,,,,,,,,,,,,,,,,,,,,,,,,,,,,,02903,,79500US3602903,"Orange County (Southeast) PUMA, New York",,,
ACSSF,NY,795,00,0000180,,,,,36,,,,,,,,,,,,,,,,,,,,,,,,,,,,,,,,,,,,,03001,,79500US3603001,"Rockland County (North)--New City & Congers PUMA, New York",,,
ACSSF,NY,795,00,0000181,,,,,36,,,,,,,,,,,,,,,,,,,,,,,,,,,,,,,,,,,,,03002,,79500US3603002,"Rockland County (South)--Orangetown, Clarkstown (South) & Ramapo (Southeast) Towns PUMA; New York",,,
ACSSF,NY,795,00,0000182,,,,,36,,,,,,,,,,,,,,,,,,,,,,,,,,,,,,,,,,,,,03003,,79500US3603003,"Rockland County (West)--Spring Valley, Suffern Villages & Monsey PUMA; New York",,,
ACSSF,NY,795,00,0000183,,,,,36,,,,,,,,,,,,,,,,,,,,,,,,,,,,,,,,,,,,,03101,,79500US3603101,"Putnam County PUMA, New York",,,
ACSSF,NY,795,00,0000184,,,,,36,,,,,,,,,,,,,,,,,,,,,,,,,,,,,,,,,,,,,03102,,79500US3603102,"Westchester County (Northwest) PUMA, New York",,,
ACSSF,NY,795,00,0000185,,,,,36,,,,,,,,,,,,,,,,,,,,,,,,,,,,,,,,,,,,,03103,,79500US3603103,"Westchester County (Northeast) PUMA, New York",,,
ACSSF,NY,795,00,0000186,,,,,36,,,,,,,,,,,,,,,,,,,,,,,,,,,,,,,,,,,,,03104,,79500US3603104,"Westchester County (Southeast) PUMA, New York",,,
ACSSF,NY,795,00,0000187,,,,,36,,,,,,,,,,,,,,,,,,,,,,,,,,,,,,,,,,,,,03105,,79500US3603105,"Westchester County (Central)--White Plains City PUMA, New York",,,
ACSSF,NY,795,00,0000188,,,,,36,,,,,,,,,,,,,,,,,,,,,,,,,,,,,,,,,,,,,03106,,79500US3603106,"Westchester County (Southwest)--Yonkers City PUMA, New York",,,
ACSSF,NY,795,00,0000189,,,,,36,,,,,,,,,,,,,,,,,,,,,,,,,,,,,,,,,,,,,03107,,79500US3603107,"Westchester County (South Central)--New Rochelle & Mount Vernon Cities PUMA, New York",,,
ACSSF,NY,795,00,0000190,,,,,36,,,,,,,,,,,,,,,,,,,,,,,,,,,,,,,,,,,,,03201,,79500US3603201,"Nassau County (Northwest)--North Hempstead Town (North) PUMA, New York",,,
ACSSF,NY,795,00,0000191,,,,,36,,,,,,,,,,,,,,,,,,,,,,,,,,,,,,,,,,,,,03202,,79500US3603202,"Nassau County (Northeast)--Oyster Bay Town (North) & Glen Cove City PUMA, New York",,,
ACSSF,NY,795,00,0000192,,,,,36,,,,,,,,,,,,,,,,,,,,,,,,,,,,,,,,,,,,,03203,,79500US3603203,"Nassau County (East Central)--Oyster Bay Town (Central) PUMA, New York",,,
ACSSF,NY,795,00,0000193,,,,,36,,,,,,,,,,,,,,,,,,,,,,,,,,,,,,,,,,,,,03204,,79500US3603204,"Nassau County (West Central)--North Hempstead Town (South) PUMA, New York",,,
ACSSF,NY,795,00,0000194,,,,,36,,,,,,,,,,,,,,,,,,,,,,,,,,,,,,,,,,,,,03205,,79500US3603205,"Nassau County (West Central)--Hempstead Town (Northwest) PUMA, New York",,,
ACSSF,NY,795,00,0000195,,,,,36,,,,,,,,,,,,,,,,,,,,,,,,,,,,,,,,,,,,,03206,,79500US3603206,"Nassau County (Central)--Hempstead Town (North Central)--Meadowbrook Corridor PUMA, New York",,,
ACSSF,NY,795,00,0000196,,,,,36,,,,,,,,,,,,,,,,,,,,,,,,,,,,,,,,,,,,,03207,,79500US3603207,"Nassau County (Central)--Hempstead Town (Northeast) PUMA, New York",,,
ACSSF,NY,795,00,0000197,,,,,36,,,,,,,,,,,,,,,,,,,,,,,,,,,,,,,,,,,,,03208,,79500US3603208,"Nassau County (Southeast)--Oyster Bay Town (South) PUMA, New York",,,
ACSSF,NY,795,00,0000198,,,,,36,,,,,,,,,,,,,,,,,,,,,,,,,,,,,,,,,,,,,03209,,79500US3603209,"Nassau County (Central)--Hempstead Town (East Central) PUMA, New York",,,
ACSSF,NY,795,00,0000199,,,,,36,,,,,,,,,,,,,,,,,,,,,,,,,,,,,,,,,,,,,03210,,79500US3603210,"Nassau County (South Central)--Hempstead Town (Southeast) PUMA, New York",,,
ACSSF,NY,795,00,0000200,,,,,36,,,,,,,,,,,,,,,,,,,,,,,,,,,,,,,,,,,,,03211,,79500US3603211,"Nassau County (West Central)--Hempstead Town (West Central) PUMA, New York",,,
ACSSF,NY,795,00,0000201,,,,,36,,,,,,,,,,,,,,,,,,,,,,,,,,,,,,,,,,,,,03212,,79500US3603212,"Nassau County (Southwest)--Hempstead Town (Southwest) & Long Beach City PUMA, New York",,,
ACSSF,NY,795,00,0000202,,,,,36,,,,,,,,,,,,,,,,,,,,,,,,,,,,,,,,,,,,,03301,,79500US3603301,"Suffolk County (Northwest)--Huntington Town (North) PUMA, New York",,,
ACSSF,NY,795,00,0000203,,,,,36,,,,,,,,,,,,,,,,,,,,,,,,,,,,,,,,,,,,,03302,,79500US3603302,"Suffolk County (Northwest)--Huntington Town (South) PUMA, New York",,,
ACSSF,NY,795,00,0000204,,,,,36,,,,,,,,,,,,,,,,,,,,,,,,,,,,,,,,,,,,,03303,,79500US3603303,"Suffolk County (Northwest)--Smithtown Town PUMA, New York",,,
ACSSF,NY,795,00,0000205,,,,,36,,,,,,,,,,,,,,,,,,,,,,,,,,,,,,,,,,,,,03304,,79500US3603304,"Suffolk County (North Central)--Brookhaven Town (North) PUMA, New York",,,
ACSSF,NY,795,00,0000206,,,,,36,,,,,,,,,,,,,,,,,,,,,,,,,,,,,,,,,,,,,03305,,79500US3603305,"Suffolk County (East) PUMA, New York",,,
ACSSF,NY,795,00,0000207,,,,,36,,,,,,,,,,,,,,,,,,,,,,,,,,,,,,,,,,,,,03306,,79500US3603306,"Suffolk County (South Central)--Brookhaven Town (South) PUMA, New York",,,
ACSSF,NY,795,00,0000208,,,,,36,,,,,,,,,,,,,,,,,,,,,,,,,,,,,,,,,,,,,03307,,79500US3603307,"Suffolk County (Central)--Brookhaven Town (Central) PUMA, New York",,,
ACSSF,NY,795,00,0000209,,,,,36,,,,,,,,,,,,,,,,,,,,,,,,,,,,,,,,,,,,,03308,,79500US3603308,"Suffolk County (Central)--Brookhaven Town (West Central) PUMA, New York",,,
ACSSF,NY,795,00,0000210,,,,,36,,,,,,,,,,,,,,,,,,,,,,,,,,,,,,,,,,,,,03309,,79500US3603309,"Suffolk County (Central)--Islip Town (East) PUMA, New York",,,
ACSSF,NY,795,00,0000211,,,,,36,,,,,,,,,,,,,,,,,,,,,,,,,,,,,,,,,,,,,03310,,79500US3603310,"Suffolk County (Central)--Islip Town (Northwest) PUMA, New York",,,
ACSSF,NY,795,00,0000212,,,,,36,,,,,,,,,,,,,,,,,,,,,,,,,,,,,,,,,,,,,03311,,79500US3603311,"Suffolk County (Southwest)--Islip Town (South) PUMA, New York",,,
ACSSF,NY,795,00,0000213,,,,,36,,,,,,,,,,,,,,,,,,,,,,,,,,,,,,,,,,,,,03312,,79500US3603312,"Suffolk County (Southwest)--Babylon Town (Southeast) PUMA, New York",,,
ACSSF,NY,795,00,0000214,,,,,36,,,,,,,,,,,,,,,,,,,,,,,,,,,,,,,,,,,,,03313,,79500US3603313,"Suffolk County (West Central)--Babylon Town (Northwest) PUMA, New York",,,
ACSSF,NY,795,00,0000215,,,,,36,,,,,,,,,,,,,,,,,,,,,,,,,,,,,,,,,,,,,03701,,79500US3603701,"NYC-Bronx Community District 8--Riverdale, Fieldston & Kingsbridge PUMA; New York",,,
ACSSF,NY,795,00,0000216,,,,,36,,,,,,,,,,,,,,,,,,,,,,,,,,,,,,,,,,,,,03702,,79500US3603702,"NYC-Bronx Community District 12--Wakefield, Williamsbridge & Woodlawn PUMA; New York",,,
ACSSF,NY,795,00,0000217,,,,,36,,,,,,,,,,,,,,,,,,,,,,,,,,,,,,,,,,,,,03703,,79500US3603703,"NYC-Bronx Community District 10--Co-op City, Pelham Bay & Schuylerville PUMA; New York",,,
ACSSF,NY,795,00,0000218,,,,,36,,,,,,,,,,,,,,,,,,,,,,,,,,,,,,,,,,,,,03704,,79500US3603704,"NYC-Bronx Community District 11--Pelham Parkway, Morris Park & Laconia PUMA; New York",,,
ACSSF,NY,795,00,0000219,,,,,36,,,,,,,,,,,,,,,,,,,,,,,,,,,,,,,,,,,,,03705,,79500US3603705,"NYC-Bronx Community District 3 & 6--Belmont, Crotona Park East & East Tremont PUMA; New York",,,
ACSSF,NY,795,00,0000220,,,,,36,,,,,,,,,,,,,,,,,,,,,,,,,,,,,,,,,,,,,03706,,79500US3603706,"NYC-Bronx Community District 7--Bedford Park, Fordham North & Norwood PUMA; New York",,,
ACSSF,NY,795,00,0000221,,,,,36,,,,,,,,,,,,,,,,,,,,,,,,,,,,,,,,,,,,,03707,,79500US3603707,"NYC-Bronx Community District 5--Morris Heights, Fordham South & Mount Hope PUMA; New York",,,
ACSSF,NY,795,00,0000222,,,,,36,,,,,,,,,,,,,,,,,,,,,,,,,,,,,,,,,,,,,03708,,79500US3603708,"NYC-Bronx Community District 4--Concourse, Highbridge & Mount Eden PUMA; New York",,,
ACSSF,NY,795,00,0000223,,,,,36,,,,,,,,,,,,,,,,,,,,,,,,,,,,,,,,,,,,,03709,,79500US3603709,"NYC-Bronx Community District 9--Castle Hill, Clason Point & Parkchester PUMA; New York",,,
ACSSF,NY,795,00,0000224,,,,,36,,,,,,,,,,,,,,,,,,,,,,,,,,,,,,,,,,,,,03710,,79500US3603710,"NYC-Bronx Community District 1 & 2--Hunts Point, Longwood & Melrose PUMA; New York",,,
ACSSF,NY,795,00,0000225,,,,,36,,,,,,,,,,,,,,,,,,,,,,,,,,,,,,,,,,,,,03801,,79500US3603801,"NYC-Manhattan Community District 12--Washington Heights, Inwood & Marble Hill PUMA; New York",,,
ACSSF,NY,795,00,0000226,,,,,36,,,,,,,,,,,,,,,,,,,,,,,,,,,,,,,,,,,,,03802,,79500US3603802,"NYC-Manhattan Community District 9--Hamilton Heights, Manhattanville & West Harlem PUMA; New York",,,
ACSSF,NY,795,00,0000227,,,,,36,,,,,,,,,,,,,,,,,,,,,,,,,,,,,,,,,,,,,03803,,79500US3603803,"NYC-Manhattan Community District 10--Central Harlem PUMA, New York",,,
ACSSF,NY,795,00,0000228,,,,,36,,,,,,,,,,,,,,,,,,,,,,,,,,,,,,,,,,,,,03804,,79500US3603804,"NYC-Manhattan Community District 11--East Harlem PUMA, New York",,,
ACSSF,NY,795,00,0000229,,,,,36,,,,,,,,,,,,,,,,,,,,,,,,,,,,,,,,,,,,,03805,,79500US3603805,"NYC-Manhattan Community District 8--Upper East Side PUMA, New York",,,
ACSSF,NY,795,00,0000230,,,,,36,,,,,,,,,,,,,,,,,,,,,,,,,,,,,,,,,,,,,03806,,79500US3603806,"NYC-Manhattan Community District 7--Upper West Side & West Side PUMA, New York",,,
ACSSF,NY,795,00,0000231,,,,,36,,,,,,,,,,,,,,,,,,,,,,,,,,,,,,,,,,,,,03807,,79500US3603807,"NYC-Manhattan Community District 4 & 5--Chelsea, Clinton & Midtown Business District PUMA; New York",,,
ACSSF,NY,795,00,0000232,,,,,36,,,,,,,,,,,,,,,,,,,,,,,,,,,,,,,,,,,,,03808,,79500US3603808,"NYC-Manhattan Community District 6--Murray Hill, Gramercy & Stuyvesant Town PUMA; New York",,,
ACSSF,NY,795,00,0000233,,,,,36,,,,,,,,,,,,,,,,,,,,,,,,,,,,,,,,,,,,,03809,,79500US3603809,"NYC-Manhattan Community District 3--Chinatown & Lower East Side PUMA, New York",,,
ACSSF,NY,795,00,0000234,,,,,36,,,,,,,,,,,,,,,,,,,,,,,,,,,,,,,,,,,,,03810,,79500US3603810,"NYC-Manhattan Community District 1 & 2--Battery Park City, Greenwich Village & Soho PUMA; New York",,,
ACSSF,NY,795,00,0000235,,,,,36,,,,,,,,,,,,,,,,,,,,,,,,,,,,,,,,,,,,,03901,,79500US3603901,"NYC-Staten Island Community District 3--Tottenville, Great Kills & Annadale PUMA; New York",,,
ACSSF,NY,795,00,0000236,,,,,36,,,,,,,,,,,,,,,,,,,,,,,,,,,,,,,,,,,,,03902,,79500US3603902,"NYC-Staten Island Community District 2--New Springville & South Beach PUMA, New York",,,
ACSSF,NY,795,00,0000237,,,,,36,,,,,,,,,,,,,,,,,,,,,,,,,,,,,,,,,,,,,03903,,79500US3603903,"NYC-Staten Island Community District 1--Port Richmond, Stapleton & Mariner's Harbor PUMA; New York",,,
ACSSF,NY,795,00,0000238,,,,,36,,,,,,,,,,,,,,,,,,,,,,,,,,,,,,,,,,,,,04001,,79500US3604001,"NYC-Brooklyn Community District 1--Greenpoint & Williamsburg PUMA, New York",,,
ACSSF,NY,795,00,0000239,,,,,36,,,,,,,,,,,,,,,,,,,,,,,,,,,,,,,,,,,,,04002,,79500US3604002,"NYC-Brooklyn Community District 4--Bushwick PUMA, New York",,,
ACSSF,NY,795,00,0000240,,,,,36,,,,,,,,,,,,,,,,,,,,,,,,,,,,,,,,,,,,,04003,,79500US3604003,"NYC-Brooklyn Community District 3--Bedford-Stuyvesant PUMA, New York",,,
ACSSF,NY,795,00,0000241,,,,,36,,,,,,,,,,,,,,,,,,,,,,,,,,,,,,,,,,,,,04004,,79500US3604004,"NYC-Brooklyn Community District 2--Brooklyn Heights & Fort Greene PUMA, New York",,,
ACSSF,NY,795,00,0000242,,,,,36,,,,,,,,,,,,,,,,,,,,,,,,,,,,,,,,,,,,,04005,,79500US3604005,"NYC-Brooklyn Community District 6--Park Slope, Carroll Gardens & Red Hook PUMA; New York",,,
ACSSF,NY,795,00,0000243,,,,,36,,,,,,,,,,,,,,,,,,,,,,,,,,,,,,,,,,,,,04006,,79500US3604006,"NYC-Brooklyn Community District 8--Crown Heights North & Prospect Heights PUMA, New York",,,
ACSSF,NY,795,00,0000244,,,,,36,,,,,,,,,,,,,,,,,,,,,,,,,,,,,,,,,,,,,04007,,79500US3604007,"NYC-Brooklyn Community District 16--Brownsville & Ocean Hill PUMA, New York",,,
ACSSF,NY,795,00,0000245,,,,,36,,,,,,,,,,,,,,,,,,,,,,,,,,,,,,,,,,,,,04008,,79500US3604008,"NYC-Brooklyn Community District 5--East New York & Starrett City PUMA, New York",,,
ACSSF,NY,795,00,0000246,,,,,36,,,,,,,,,,,,,,,,,,,,,,,,,,,,,,,,,,,,,04009,,79500US3604009,"NYC-Brooklyn Community District 18--Canarsie & Flatlands PUMA, New York",,,
ACSSF,NY,795,00,0000247,,,,,36,,,,,,,,,,,,,,,,,,,,,,,,,,,,,,,,,,,,,04010,,79500US3604010,"NYC-Brooklyn Community District 17--East Flatbush, Farragut & Rugby PUMA; New York",,,
ACSSF,NY,795,00,0000248,,,,,36,,,,,,,,,,,,,,,,,,,,,,,,,,,,,,,,,,,,,04011,,79500US3604011,"NYC-Brooklyn Community District 9--Crown Heights South, Prospect Lefferts & Wingate PUMA; New York",,,
ACSSF,NY,795,00,0000249,,,,,36,,,,,,,,,,,,,,,,,,,,,,,,,,,,,,,,,,,,,04012,,79500US3604012,"NYC-Brooklyn Community District 7--Sunset Park & Windsor Terrace PUMA, New York",,,
ACSSF,NY,795,00,0000250,,,,,36,,,,,,,,,,,,,,,,,,,,,,,,,,,,,,,,,,,,,04013,,79500US3604013,"NYC-Brooklyn Community District 10--Bay Ridge & Dyker Heights PUMA, New York",,,
ACSSF,NY,795,00,0000251,,,,,36,,,,,,,,,,,,,,,,,,,,,,,,,,,,,,,,,,,,,04014,,79500US3604014,"NYC-Brooklyn Community District 12--Borough Park, Kensington & Ocean Parkway PUMA; New York",,,
ACSSF,NY,795,00,0000252,,,,,36,,,,,,,,,,,,,,,,,,,,,,,,,,,,,,,,,,,,,04015,,79500US3604015,"NYC-Brooklyn Community District 14--Flatbush & Midwood PUMA, New York",,,
ACSSF,NY,795,00,0000253,,,,,36,,,,,,,,,,,,,,,,,,,,,,,,,,,,,,,,,,,,,04016,,79500US3604016,"NYC-Brooklyn Community District 15--Sheepshead Bay, Gerritsen Beach & Homecrest PUMA; New York",,,
ACSSF,NY,795,00,0000254,,,,,36,,,,,,,,,,,,,,,,,,,,,,,,,,,,,,,,,,,,,04017,,79500US3604017,"NYC-Brooklyn Community District 11--Bensonhurst & Bath Beach PUMA, New York",,,
ACSSF,NY,795,00,0000255,,,,,36,,,,,,,,,,,,,,,,,,,,,,,,,,,,,,,,,,,,,04018,,79500US3604018,"NYC-Brooklyn Community District 13--Brighton Beach & Coney Island PUMA, New York",,,
ACSSF,NY,795,00,0000256,,,,,36,,,,,,,,,,,,,,,,,,,,,,,,,,,,,,,,,,,,,04101,,79500US3604101,"NYC-Queens Community District 1--Astoria & Long Island City PUMA, New York",,,
ACSSF,NY,795,00,0000257,,,,,36,,,,,,,,,,,,,,,,,,,,,,,,,,,,,,,,,,,,,04102,,79500US3604102,"NYC-Queens Community District 3--Jackson Heights & North Corona PUMA, New York",,,
ACSSF,NY,795,00,0000258,,,,,36,,,,,,,,,,,,,,,,,,,,,,,,,,,,,,,,,,,,,04103,,79500US3604103,"NYC-Queens Community District 7--Flushing, Murray Hill & Whitestone PUMA; New York",,,
ACSSF,NY,795,00,0000259,,,,,36,,,,,,,,,,,,,,,,,,,,,,,,,,,,,,,,,,,,,04104,,79500US3604104,"NYC-Queens Community District 11--Bayside, Douglaston & Little Neck PUMA; New York",,,
ACSSF,NY,795,00,0000260,,,,,36,,,,,,,,,,,,,,,,,,,,,,,,,,,,,,,,,,,,,04105,,79500US3604105,"NYC-Queens Community District 13--Queens Village, Cambria Heights & Rosedale PUMA; New York",,,
ACSSF,NY,795,00,0000261,,,,,36,,,,,,,,,,,,,,,,,,,,,,,,,,,,,,,,,,,,,04106,,79500US3604106,"NYC-Queens Community District 8--Briarwood, Fresh Meadows & Hillcrest PUMA; New York",,,
ACSSF,NY,795,00,0000262,,,,,36,,,,,,,,,,,,,,,,,,,,,,,,,,,,,,,,,,,,,04107,,79500US3604107,"NYC-Queens Community District 4--Elmhurst & South Corona PUMA, New York",,,
ACSSF,NY,795,00,0000263,,,,,36,,,,,,,,,,,,,,,,,,,,,,,,,,,,,,,,,,,,,04108,,79500US3604108,"NYC-Queens Community District 6--Forest Hills & Rego Park PUMA, New York",,,
ACSSF,NY,795,00,0000264,,,,,36,,,,,,,,,,,,,,,,,,,,,,,,,,,,,,,,,,,,,04109,,79500US3604109,"NYC-Queens Community District 2--Sunnyside & Woodside PUMA, New York",,,
ACSSF,NY,795,00,0000265,,,,,36,,,,,,,,,,,,,,,,,,,,,,,,,,,,,,,,,,,,,04110,,79500US3604110,"NYC-Queens Community District 5--Ridgewood, Glendale & Middle Village PUMA; New York",,,
ACSSF,NY,795,00,0000266,,,,,36,,,,,,,,,,,,,,,,,,,,,,,,,,,,,,,,,,,,,04111,,79500US3604111,"NYC-Queens Community District 9--Richmond Hill & Woodhaven PUMA, New York",,,
ACSSF,NY,795,00,0000267,,,,,36,,,,,,,,,,,,,,,,,,,,,,,,,,,,,,,,,,,,,04112,,79500US3604112,"NYC-Queens Community District 12--Jamaica, Hollis & St. Albans PUMA; New York",,,
ACSSF,NY,795,00,0000268,,,,,36,,,,,,,,,,,,,,,,,,,,,,,,,,,,,,,,,,,,,04113,,79500US3604113,"NYC-Queens Community District 10--Howard Beach & Ozone Park PUMA, New York",,,
ACSSF,NY,795,00,0000269,,,,,36,,,,,,,,,,,,,,,,,,,,,,,,,,,,,,,,,,,,,04114,,79500US3604114,"NYC-Queens Community District 14--Far Rockaway, Breezy Point & Broad Channel PUMA; New York",,,
ACSSF,NY,960,00,0000270,,,,,36,,,,,,,,,,,,,,,,,,,,,,,,,,,,,,,19020,,,,,,,,96000US3619020,"Bellmore-Merrick Central High School District, New York",,,
ACSSF,NY,960,00,0000271,,,,,36,,,,,,,,,,,,,,,,,,,,,,,,,,,,,,,26520,,,,,,,,96000US3626520,"Sewanhaka Central High School District, New York",,,
ACSSF,NY,970,00,0000272,,,,,36,,,,,,,,,,,,,,,,,,,,,,,,,,,,,,,,02460,,,,,,,97000US3602460,"Albany City School District, New York",,,
ACSSF,NY,970,00,0000273,,,,,36,,,,,,,,,,,,,,,,,,,,,,,,,,,,,,,,05280,,,,,,,97000US3605280,"Brentwood Union Free School District, New York",,,
ACSSF,NY,970,00,0000274,,,,,36,,,,,,,,,,,,,,,,,,,,,,,,,,,,,,,,05850,,,,,,,97000US3605850,"Buffalo City School District, New York",,,
ACSSF,NY,970,00,0000275,,,,,36,,,,,,,,,,,,,,,,,,,,,,,,,,,,,,,,12630,,,,,,,97000US3612630,"Greece Central School District, New York",,,
ACSSF,NY,970,00,0000276,,,,,36,,,,,,,,,,,,,,,,,,,,,,,,,,,,,,,,15570,,,,,,,97000US3615570,"Ithaca City School District, New York",,,
ACSSF,NY,970,00,0000277,,,,,36,,,,,,,,,,,,,,,,,,,,,,,,,,,,,,,,16230,,,,,,,97000US3616230,"Kenmore-Tonawanda Union Free School District, New York",,,
ACSSF,NY,970,00,0000278,,,,,36,,,,,,,,,,,,,,,,,,,,,,,,,,,,,,,,19200,,,,,,,97000US3619200,"Middle Country Central School District, New York",,,
ACSSF,NY,970,00,0000279,,,,,36,,,,,,,,,,,,,,,,,,,,,,,,,,,,,,,,19230,,,,,,,97000US3619230,"Longwood Central School District, New York",,,
ACSSF,NY,970,00,0000280,,,,,36,,,,,,,,,,,,,,,,,,,,,,,,,,,,,,,,20100,,,,,,,97000US3620100,"Mount Vernon City School District, New York",,,
ACSSF,NY,970,00,0000281,,,,,36,,,,,,,,,,,,,,,,,,,,,,,,,,,,,,,,20490,,,,,,,97000US3620490,"New Rochelle City School District, New York",,,
ACSSF,NY,970,00,0000282,,,,,36,,,,,,,,,,,,,,,,,,,,,,,,,,,,,,,,20580,,,,,,,97000US3620580,"New York City Department Of Education, New York",,,
ACSSF,NY,970,00,0000283,,,,,36,,,,,,,,,,,,,,,,,,,,,,,,,,,,,,,,20700,,,,,,,97000US3620700,"Newburgh City School District, New York",,,
ACSSF,NY,970,00,0000284,,,,,36,,,,,,,,,,,,,,,,,,,,,,,,,,,,,,,,24750,,,,,,,97000US3624750,"Rochester City School District, New York",,,
ACSSF,NY,970,00,0000285,,,,,36,,,,,,,,,,,,,,,,,,,,,,,,,,,,,,,,25350,,,,,,,97000US3625350,"Sachem Central School District, New York",,,
ACSSF,NY,970,00,0000286,,,,,36,,,,,,,,,,,,,,,,,,,,,,,,,,,,,,,,26010,,,,,,,97000US3626010,"Schenectady City School District, New York",,,
ACSSF,NY,970,00,0000287,,,,,36,,,,,,,,,,,,,,,,,,,,,,,,,,,,,,,,26670,,,,,,,97000US3626670,"Shenendehowa Central School District, New York",,,
ACSSF,NY,970,00,0000288,,,,,36,,,,,,,,,,,,,,,,,,,,,,,,,,,,,,,,27810,,,,,,,97000US3627810,"East Ramapo (Spring Valley) Central School District, New York",,,
ACSSF,NY,970,00,0000289,,,,,36,,,,,,,,,,,,,,,,,,,,,,,,,,,,,,,,28590,,,,,,,97000US3628590,"Syracuse City School District, New York",,,
ACSSF,NY,970,00,0000290,,,,,36,,,,,,,,,,,,,,,,,,,,,,,,,,,,,,,,29880,,,,,,,97000US3629880,"Wappingers Central School District, New York",,,
ACSSF,NY,970,00,0000291,,,,,36,,,,,,,,,,,,,,,,,,,,,,,,,,,,,,,,31470,,,,,,,97000US3631470,"Williamsville Central School District, New York",,,
ACSSF,NY,970,00,0000292,,,,,36,,,,,,,,,,,,,,,,,,,,,,,,,,,,,,,,31920,,,,,,,97000US3631920,"Yonkers City School District, New York",,,
